,S0,sigma,div_yield
CBA,162.10000610351562,0.2334321922618594,0.030699999999999998
BHP,61.47999954223633,0.24956213938688124,0.0
CSL,95.95999908447266,0.3093816000675992,0.0437
