,S0,sigma,div_yield
CBA,163.05999755859375,0.23330804161615004,0.0301
BHP,61.060001373291016,0.24910525677498468,0.032400000000000005
CSL,97.73999786376953,0.3087087335877155,0.044000000000000004
WES,76.5999984741211,0.19848823740020813,0.0279
TLS,5.244999885559082,0.12841817891370017,0.0398
