,S0,sigma,div_yield
CBA,164.2949981689453,0.23372201405385934,0.029900000000000003
BHP,60.345001220703125,0.2495243291204155,0.032799999999999996
CSL,98.4000015258789,0.3090822683202518,0.042699999999999995
WES,75.70999908447266,0.19874771615131648,0.0285
TLS,5.340000152587891,0.12828115897670989,0.039
