,S0,sigma,div_yield
CBA,165.6699981689453,0.2336051022624935,0.029900000000000003
BHP,59.75,0.24999725731690386,0.032799999999999996
CSL,99.76000213623047,0.3085677288719431,0.042699999999999995
WES,74.68000030517578,0.2003753649423832,0.0285
TLS,5.380000114440918,0.1290642979476317,0.039
